,asset_id,title,adx_keywords,published_date,url,first_keyword,about_covid19,most emailed URLs_x,Total Comments_x,most emailed URLs_y,Total Comments_y
0,100000006981425,You’re Retired. Should You Rent or Buy Your Home?,Real Estate and Housing (Residential);Renting and Leasing (Real Estate);Mortgages;Elderly;Condominiums;Retirement,2020-03-12,https://www.nytimes.com/2020/03/12/business/retirement-rent-buy-home.html,False,False,https://www.nytimes.com/2020/03/12/business/retirement-rent-buy-home.html,183,https://www.nytimes.com/2020/03/12/business/retirement-rent-buy-home.html,183
1,100000007033084,A Complete List of Trump’s Attempts to Play Down Coronavirus,"United States Politics and Government;Coronavirus (2019-nCoV);Rumors and Misinformation;Deaths (Fatalities);Epidemics;Tests (Medical);Infections;Trump, Donald J;Centers for Disease Control and Prevention;World Health Organization;China",2020-03-15,https://www.nytimes.com/2020/03/15/opinion/trump-coronavirus.html,False,True,https://www.nytimes.com/2020/03/15/opinion/trump-coronavirus.html,1892,https://www.nytimes.com/2020/03/15/opinion/trump-coronavirus.html,1892
2,100000007039743,How Long Will Coronavirus Live on Surfaces or in the Air Around You?,your-feed-science;Coronavirus (2019-nCoV),2020-03-17,https://www.nytimes.com/2020/03/17/health/coronavirus-surfaces-aerosols.html,False,True,https://www.nytimes.com/2020/03/17/health/coronavirus-surfaces-aerosols.html,0,https://www.nytimes.com/2020/03/17/health/coronavirus-surfaces-aerosols.html,0
3,100000007030204,Camus on the Coronavirus,"Plague;Books and Literature;Coronavirus (2019-nCoV);Camus, Albert",2020-03-19,https://www.nytimes.com/2020/03/19/opinion/sunday/coronavirus-camus-plague.html,False,True,https://www.nytimes.com/2020/03/19/opinion/sunday/coronavirus-camus-plague.html,0,https://www.nytimes.com/2020/03/19/opinion/sunday/coronavirus-camus-plague.html,0
4,100000007042395,Translating a Surveillance Tool into a Virus Tracker for Democracies,Coronavirus (2019-nCoV);Mobile Applications;Surveillance of Citizens by Government;Privacy;Data-Mining and Database Marketing;Epidemics;Computers and the Internet;Smartphones;Great Britain,2020-03-19,https://www.nytimes.com/2020/03/19/us/coronavirus-location-tracking.html,True,True,https://www.nytimes.com/2020/03/19/us/coronavirus-location-tracking.html,0,https://www.nytimes.com/2020/03/19/us/coronavirus-location-tracking.html,0
5,100000007043933,Screw This Virus!,Computers and the Internet;Coronavirus (2019-nCoV);Quarantines,2020-03-19,https://www.nytimes.com/2020/03/19/opinion/coronavirus-isolation.html,False,True,https://www.nytimes.com/2020/03/19/opinion/coronavirus-isolation.html,1088,https://www.nytimes.com/2020/03/19/opinion/coronavirus-isolation.html,1088
6,100000007044076,"The Best-Case Outcome for the Coronavirus, and the Worst",Coronavirus (2019-nCoV);Ventilators (Medical);Tests (Medical);Quarantines;Shortages;Medical Devices;SARS (Severe Acute Respiratory Syndrome);Medicine and Health;Drugs (Pharmaceuticals);Influenza;Clinical Trials;United States,2020-03-20,https://www.nytimes.com/2020/03/20/opinion/sunday/coronavirus-outcomes.html,True,True,https://www.nytimes.com/2020/03/20/opinion/sunday/coronavirus-outcomes.html,883,https://www.nytimes.com/2020/03/20/opinion/sunday/coronavirus-outcomes.html,883
7,100000007045625,"I Spent a Year in Space, and I Have Tips on Isolation to Share",Coronavirus (2019-nCoV);Space and Astronomy;Quarantines;National Aeronautics and Space Administration,2020-03-21,https://www.nytimes.com/2020/03/21/opinion/scott-kelly-coronavirus-isolation.html,True,True,https://www.nytimes.com/2020/03/21/opinion/scott-kelly-coronavirus-isolation.html,0,https://www.nytimes.com/2020/03/21/opinion/scott-kelly-coronavirus-isolation.html,0
8,100000007047869,A Plan to Get America Back to Work,"Quarantines;Shutdowns (Institutional);Coronavirus (2019-nCoV);Layoffs and Job Reductions;United States Economy;Katz, David L",2020-03-22,https://www.nytimes.com/2020/03/22/opinion/coronavirus-economy.html,False,True,https://www.nytimes.com/2020/03/22/opinion/coronavirus-economy.html,1906,https://www.nytimes.com/2020/03/22/opinion/coronavirus-economy.html,1906
9,100000007051881,What I Learned When My Husband Got Sick With Coronavirus,Coronavirus (2019-nCoV);Emergency Medical Treatment;Tests (Medical);Protective Clothing and Gear,2020-03-24,https://www.nytimes.com/2020/03/24/magazine/coronavirus-family.html,True,True,https://www.nytimes.com/2020/03/24/magazine/coronavirus-family.html,1163,https://www.nytimes.com/2020/03/24/magazine/coronavirus-family.html,1163
10,100000007052183,The Dos and Don’ts of Online Video Meetings,Computers and the Internet;Telecommuting;Mobile Applications;Cameras;Videophones and Videoconferencing;Coronavirus (2019-nCoV);Zoom Video Communications,2020-03-25,https://www.nytimes.com/2020/03/25/technology/personaltech/online-video-meetings-etiquette-virus.html,False,True,https://www.nytimes.com/2020/03/25/technology/personaltech/online-video-meetings-etiquette-virus.html,0,https://www.nytimes.com/2020/03/25/technology/personaltech/online-video-meetings-etiquette-virus.html,0
11,100000007048672,"F.A.Q. on Stimulus Checks, Unemployment and the Coronavirus Plan","Coronavirus (2019-nCoV);Coronavirus Aid, Relief, and Economic Security Act (2020);Stimulus (Economic);Federal Aid (US);Unemployment Insurance;United States Economy;United States Politics and Government;Internal Revenue Service",2020-03-26,https://www.nytimes.com/article/coronavirus-stimulus-package-questions-answers.html,True,True,https://www.nytimes.com/article/coronavirus-stimulus-package-questions-answers.html,991,https://www.nytimes.com/article/coronavirus-stimulus-package-questions-answers.html,991
12,100000007056858,It’s Time to Make Your Own Face Mask,Masks;Protective Clothing and Gear;Hygiene and Cleanliness;Do It Yourself;Sewing;Coronavirus (2019-nCoV),2020-03-31,https://www.nytimes.com/2020/03/31/opinion/coronavirus-n95-mask.html,False,True,https://www.nytimes.com/2020/03/31/opinion/coronavirus-n95-mask.html,1012,https://www.nytimes.com/2020/03/31/opinion/coronavirus-n95-mask.html,1012
13,100000007058106,How to Make a Face Mask,Sewing;Coronavirus (2019-nCoV);Do It Yourself;Masks;Protective Clothing and Gear;Hygiene and Cleanliness;your-feed-selfcare;your-feed-healthcare;your-feed-health,2020-03-31,https://www.nytimes.com/article/how-to-make-face-mask-coronavirus.html,False,True,https://www.nytimes.com/article/how-to-make-face-mask-coronavirus.html,0,https://www.nytimes.com/article/how-to-make-face-mask-coronavirus.html,0
14,100000007062102,These Coronavirus Exposures Might Be the Most Dangerous,Coronavirus (2019-nCoV);Vaccination and Immunization;Quarantines;Epidemics,2020-04-01,https://www.nytimes.com/2020/04/01/opinion/coronavirus-viral-dose.html,True,True,https://www.nytimes.com/2020/04/01/opinion/coronavirus-viral-dose.html,0,https://www.nytimes.com/2020/04/01/opinion/coronavirus-viral-dose.html,0
15,100000007063748,Putting Jared Kushner In Charge Is Utter Madness,"Coronavirus (2019-nCoV);Epidemics;United States Politics and Government;Disasters and Emergencies;Medical Devices;Ventilators (Medical);Kushner, Jared;Trump, Donald J;Cuomo, Andrew M;New York State",2020-04-02,https://www.nytimes.com/2020/04/02/opinion/jared-kushner-coronavirus.html,True,True,https://www.nytimes.com/2020/04/02/opinion/jared-kushner-coronavirus.html,3274,https://www.nytimes.com/2020/04/02/opinion/jared-kushner-coronavirus.html,3274
16,100000007064729,"Larry David, Master of His Quarantine","Coronavirus (2019-nCoV);Quarantines;David, Larry",2020-04-04,https://www.nytimes.com/2020/04/04/style/larry-david-curb-your-enthusiasm-coronavirus-psa.html,True,True,https://www.nytimes.com/2020/04/04/style/larry-david-curb-your-enthusiasm-coronavirus-psa.html,48,https://www.nytimes.com/2020/04/04/style/larry-david-curb-your-enthusiasm-coronavirus-psa.html,48
17,100000007069673,What You Should Know Before You Need a Ventilator,"Coronavirus (2019-nCoV);Ventilators (Medical);Medical Devices;Life-Sustaining Support Systems, Withdrawal Of;Coma;Lungs;Deaths (Fatalities)",2020-04-04,https://www.nytimes.com/2020/04/04/opinion/coronavirus-ventilators.html,True,True,https://www.nytimes.com/2020/04/04/opinion/coronavirus-ventilators.html,0,https://www.nytimes.com/2020/04/04/opinion/coronavirus-ventilators.html,0
18,100000007073373,Where Have All the Heart Attacks Gone?,Coronavirus (2019-nCoV);Telemedicine;Heart;Stroke;Hospitals;Anxiety and Stress;Quarantines;Deaths (Fatalities),2020-04-06,https://www.nytimes.com/2020/04/06/well/live/coronavirus-doctors-hospitals-emergency-care-heart-attack-stroke.html,True,True,https://www.nytimes.com/2020/04/06/well/live/coronavirus-doctors-hospitals-emergency-care-heart-attack-stroke.html,1036,https://www.nytimes.com/2020/04/06/well/live/coronavirus-doctors-hospitals-emergency-care-heart-attack-stroke.html,1036
19,100000007063931,Here’s How Those Hot Jigsaw Puzzles Are Made,Puzzles;Coronavirus (2019-nCoV);Quarantines,2020-04-08,https://www.nytimes.com/2020/04/08/business/coronavirus-jigsaw-puzzles.html,False,True,https://www.nytimes.com/2020/04/08/business/coronavirus-jigsaw-puzzles.html,234,https://www.nytimes.com/2020/04/08/business/coronavirus-jigsaw-puzzles.html,234
